prediction,target
10.563734,12
45.951977,60
1.8580326,5
6.750092,8
3.1364584,4
1.7670873,1
2.0130649,2
8.015229,9
11.517352,15
4.486562,6
2.8345327,3
2.3043194,2
15.229505,14
2.2846553,2
0.967045,1
1.0710982,1
2.5156012,3
1.2550067,1
1.2512017,1
9.131069,7
2.1438847,2
2.3174946,2
2.821777,3
1.7023894,1
0.93271273,1
1.0066111,1
3.9280443,2
2.2131374,2
2.3992677,2
1.134209,1
1.6308953,1
2.2085764,3
1.5968328,2
0.9664113,1
1.9221548,2
1.9669185,2
5.7695317,5
20.32795,12
2.5339959,2
3.9750614,4
2.2308187,2
2.11275,3
28.316322,23
11.011979,11
9.181709,9
2.8225677,3
17.955969,18
8.69223,9
2.0783412,3
11.009543,8
1.0192986,1
0.97717863,1
10.3936,12
1.7226152,1
5.536863,4
1.4959531,3
7.6055846,7
2.4200654,2
10.613991,12
48.139664,25
1.2188184,1
3.0491822,3
3.5191514,4
5.3856645,5
4.2239194,4
7.6844153,13
3.7008963,2
2.6712043,3
1.9601771,2
2.8403003,3
6.76121,6
6.4133735,8
32.137707,34
2.8118258,4
6.0432754,4
1.4801339,1
31.584831,48
2.315443,2
8.533182,8
2.195491,3
2.7756875,3
4.75582,6
1.8997828,1
1.7803587,2
3.2644215,3
7.012816,6
5.2903786,6
17.56659,23
12.742795,18
2.8735607,4
3.1394005,3
12.35562,14
6.6978354,8
1.0978751,1
2.901248,3
7.4745483,9
4.090962,5
2.8108323,2
3.2236507,3
3.717428,6
0.83362645,1
3.095952,3
5.3016286,2
3.03806,2
2.1563423,2
3.040039,3
4.2595716,3
8.13326,6
8.186134,7
4.107455,4
4.678411,5
2.2993793,3
1.902867,1
1.5599724,2
12.120391,15
2.5970063,3
12.988069,11
4.4386053,4
1.4837189,1
14.843909,14
2.2510502,2
11.705735,15
8.831846,10
1.5334352,1
2.4532366,2
1.8520511,1
3.3807676,5
3.2143705,3
7.1412563,9
4.8560567,6
3.4732726,3
5.792215,8
3.5023403,4
5.0772395,8
1.9007801,2
4.1580014,3
2.074173,2
1.1780909,1
8.570246,6
1.8506864,2
71.30176,120
4.224171,4
4.31314,7
2.8414679,2
1.2165537,1
2.0731204,3
7.976316,8
8.849226,9
2.3861122,3
1.93812,2
2.1539676,2
3.114029,3
2.8936765,4
1.1190162,1
18.849104,9
12.443578,9
6.2610335,8
24.030226,27
3.270937,4
2.2198486,3
0.91691726,1
1.5649623,1
2.670164,1
5.5395617,7
10.803971,15
1.350078,1
2.1687238,2
22.247416,19
3.2761576,5
1.2123497,1
7.810041,3
2.6581576,2
1.2300888,1
2.0464377,2
15.031875,19
2.6488483,3
10.928313,11
2.4724362,4
23.520027,24
3.5860374,4
2.8101547,2
2.6515763,3
4.6502333,4
5.42379,3
2.5573583,4
3.6187413,4
9.154402,14
1.2970016,1
8.477028,15
3.8698418,5
3.24302,3
1.8941163,3
6.914511,5
2.8400028,3
4.6312366,6
3.4872265,4
2.1247897,3
2.942207,3
4.6197534,5
4.5724096,5
1.3670295,2
25.736876,22
3.646701,2
2.2215233,3
19.4441,18
1.0525781,1
2.0949104,2
11.314346,13
1.9183134,2
4.3325047,3
0.9494765,1
2.2305427,2
5.545398,6
1.5030228,1
1.968757,2
7.0605664,8
3.0602043,2
10.03517,15
3.0692165,3
3.1417964,3
2.7015746,3
1.784413,2
2.2065768,2
33.119156,38
9.016445,8
3.4646723,3
4.3839545,6
1.9771196,2
12.118622,10
0.92683476,1
3.8410428,3
3.1450863,4
13.670978,10
3.007061,3
1.5144535,2
1.3904227,1
1.6875157,2
2.0964038,2
0.983167,1
14.047168,10
5.285651,5
31.684427,28
16.102161,15
3.9282463,5
3.2518117,3
2.0131474,2
2.0518565,4
3.6618493,4
13.569243,18
2.3762004,3
1.1412969,1
4.156373,3
1.4423853,1
2.6982956,2
1.8104467,2
2.468867,3
1.8855118,2
3.4937265,4
18.248234,21
3.0507596,3
5.3659844,5
6.131286,5
2.2700903,2
6.8238482,5
7.4022202,8
1.0911182,1
6.1959214,7
14.486821,16
24.506037,24
1.956577,2
1.6086053,2
2.9755218,4
1.2080228,2
3.429608,4
4.145548,5
2.0304615,2
2.046857,2
2.0299375,2
2.6897538,3
3.5048988,3
0.8832769,1
1.9930382,2
4.8492,6
2.1280477,3
5.6670537,4
0.9731493,1
6.3340397,5
2.0318105,2
1.5382562,1
2.3912396,2
1.9302856,2
2.2157795,4
1.746384,1
10.413047,11
1.7253823,2
2.723368,3
3.772042,3
4.4325323,5
5.19014,7
8.575255,11
1.3880068,2
0.73678213,1
3.1452484,3
3.8147094,4
11.82104,11
1.721393,2
3.750356,2
2.8365567,3
3.3064067,3
10.091011,11
5.8551383,6
3.2227752,3
6.2516284,6
5.64924,6
5.5140977,4
3.965039,2
0.99944633,1
1.9230915,2
1.9672761,1
2.2876892,3
6.6585946,9
2.4961295,9
3.8646371,4
2.4216278,1
0.9953478,1
5.4580636,7
5.110774,7
2.1567066,2
3.5022774,3
2.792318,3
2.0755613,2
1.689343,4
12.204097,20
4.113117,4
1.4612645,2
13.9195795,13
8.028041,9
1.1234463,1
18.562437,19
2.0133584,2
2.864301,3
11.148,1
3.7188365,4
0.9412336,1
11.530304,9
5.6790237,5
10.233622,13
22.542206,24
4.856001,5
3.2105706,4
2.1926634,2
1.8272372,1
1.8468388,2
1.535977,1
4.49495,4
1.9901795,2
9.972026,11
22.717001,37
2.7673595,3
1.8749089,1
3.9611404,1
4.9074883,5
6.3383565,8
8.715737,7
2.5338745,2
7.517845,11
4.7571206,5
3.4345834,6
11.617404,11
1.7491928,2
2.40467,3
2.6235895,3
2.273283,2
1.612956,2
2.5383875,3
5.0002775,12
2.7536266,5
5.12343,6
5.4745483,3
1.6719699,2
6.044378,7
1.8629957,2
2.0050867,2
1.9946423,2
1.1220273,2
10.364843,10
4.508431,3
11.035027,9
1.9297732,2
6.1339126,6
7.3489995,7
5.9578514,9
3.2301853,4
17.195072,13
1.9631122,2
3.1354344,4
8.749792,7
2.7252235,3
2.878739,5
3.8384316,3
6.1666408,9
2.4434493,4
1.8038664,2
16.911205,22
4.8329754,6
2.251688,2
1.935088,2
4.2344623,6
4.514397,4
4.781152,5
0.9714084,1
4.32153,2
5.9723296,7
2.58609,3
3.9750242,3
4.651856,4
2.87181,3
4.3249054,5
3.2863042,3
6.3757243,5
2.1727736,3
7.6441655,4
6.047466,6
2.0902848,3
4.9933534,7
29.83544,34
4.0642614,4
8.990584,10
1.5463219,2
3.8644822,7
5.1928134,5
2.8295166,5
2.4655366,4
7.3802667,17
4.3880095,5
5.0822735,5
7.824393,12
18.206097,26
1.3911959,1
5.823789,7
2.9407494,2
10.202045,10
1.0024104,1
9.862841,11
3.697131,7
2.3742516,2
1.5268208,2
3.1995268,3
2.496824,2
4.63732,7
3.6086864,3
13.754804,7
3.421344,4
3.6637442,3
14.3033,6
5.151054,6
5.3610015,4
7.862562,17
2.0639067,2
2.0456588,2
6.487291,12
36.802376,43
2.1227868,2
4.1583505,5
2.7388318,4
1.6210308,1
2.6073232,3
0.85223055,1
9.501767,11
4.3074203,4
3.2936761,2
1.6803155,1
5.6411743,7
2.14976,2
15.022918,10
3.674888,3
5.2224855,7
2.150972,3
1.2927988,1
2.2054715,2
2.1945908,3
4.291603,5
29.942694,40
16.784395,15
2.6209073,3
1.0529,1
7.4684453,8
1.8225702,2
1.3361832,2
1.862449,2
2.2855334,2
3.8048422,4
2.8561256,2
2.5846612,3
2.0001757,2
4.112777,5
1.5243944,1
5.1146255,6
2.6673136,3
19.587969,25
6.0115256,5
3.7196043,3
3.1533844,3
5.604971,6
5.7888055,7
2.0416694,2
2.398008,3
2.1180177,2
1.0030265,1
7.800341,10
16.083828,15
2.767205,2
1.6453732,1
3.5921915,3
2.5099356,3
1.8660117,2
8.071252,11
3.5563936,4
1.6415142,1
6.525163,8
2.0295281,2
1.2597032,1
4.31742,5
2.894756,3
1.3742882,2
8.094567,9
3.8640757,10
1.1933491,1
2.6864378,3
2.049959,5
3.347369,3
2.9390297,3
3.384537,4
1.9288024,3
1.4663862,2
1.6346155,2
12.229981,11
29.19445,34
4.955478,5
4.4093,8
0.9818968,1
1.0300051,1
0.91792655,1
2.2303698,2
1.0748101,1
17.877352,17
2.59344,2
3.7748172,6
5.011794,5
2.6321902,3
1.4984463,3
13.111884,9
6.493321,8
2.773976,3
10.888869,10
12.967492,10
2.6753128,2
2.62597,3
2.454815,2
1.108609,1
1.9366003,1
1.5245533,2
2.2060134,2
2.5126762,2
14.766408,15
3.0797634,2
22.009134,34
2.495126,11
4.7925844,3
7.024812,6
1.2469023,2
6.036612,6
9.951251,8
2.6636786,3
8.447487,10
3.5923347,3
0.7490538,1
4.9011374,5
15.929496,34
3.6107166,4
2.0227349,2
2.2361445,2
5.3128257,8
2.397195,3
2.3674996,2
1.9409691,2
0.70158595,1
1.1916467,1
4.0240526,3
1.1528238,2
11.661458,12
2.5712962,2
0.8483889,1
3.5124505,5
1.7364258,2
2.2310245,2
5.68401,5
2.1025221,2
8.202847,8
4.7602654,4
1.2948529,1
9.9484215,20
10.109392,17
2.8068855,2
1.4692693,2
3.0772355,2
1.2108451,1
6.036228,7
2.1790977,2
2.0966334,2
2.8082798,1
4.0899363,4
14.73166,12
2.1361356,2
11.162984,9
1.7991477,2
1.7784233,2
2.6356819,2
2.1458943,3
1.9763222,2
13.700557,19
21.778555,20
8.118739,10
1.9745106,2
34.571438,27
4.579861,4
3.1802244,5
4.033919,4
1.249551,1
2.897237,2
9.601095,7
20.044985,21
1.9486347,2
2.369132,3
5.473743,5
21.63362,33
1.8607305,2
2.2260048,4
2.3623374,2
1.2998182,1
1.9863678,2
1.9304053,2
9.126411,12
0.9468773,1
2.6927462,3
1.7302212,1
1.6915103,2
3.61531,4
5.3683105,6
6.40953,5
2.4209816,3
47.934917,35
3.0857582,2
0.9649651,1
2.2254758,1
7.591824,9
1.9599279,2
3.3572347,4
2.1412501,1
2.580611,2
1.2664542,1
2.1067574,3
3.6450417,3
4.394814,3
1.7368275,2
6.8170447,6
1.0121278,1
2.0969985,2
1.5754699,1
5.299495,3
13.344941,13
2.829991,3
2.7007124,3
2.3878698,2
9.312713,16
2.4844284,4
1.1359942,1
2.6723425,3
3.8321543,7
8.760952,8
3.8355744,6
7.3024387,3
1.9175135,4
1.094223,1
1.6266502,2
1.1101456,1
7.0578904,7
2.7856824,2
1.7117943,2
9.990594,6
12.952306,12
6.575167,5
2.3132484,3
5.3207574,6
2.1327834,2
5.3637366,7
1.8587627,2
2.7086916,3
10.76125,8
2.031262,2
0.9807277,1
3.8527462,4
1.6464416,3
3.0889766,3
7.447164,13
3.7396574,5
2.7809172,3
3.2539587,4
4.5665894,4
6.669725,10
1.4377686,2
2.8680718,3
1.0522184,1
6.0225263,9
12.284028,18
0.98105264,1
8.419865,9
3.6685975,4
1.5086845,3
1.8258659,2
2.409315,2
3.6408472,4
2.6895955,2
1.2476027,2
4.3537545,4
2.5459068,3
2.2830517,3
3.5664575,5
4.106001,4
1.7730418,2
7.9747405,7
2.9533322,3
1.2341492,1
2.8265274,2
1.099214,1
2.8071263,1
3.6044905,3
2.098142,3
2.3680856,2
43.025074,45
3.3872788,4
1.7368326,2
1.9659699,2
15.812547,13
2.7643042,3
2.4764721,3
5.580341,9
2.3131654,2
2.6052606,2
3.8420398,5
4.6534534,7
4.3046217,3
4.303127,2
4.2802367,7
10.670617,15
8.722365,11
3.4852111,4
2.3198593,1
2.8941095,3
3.8724728,4
1.2589103,4
0.980056,2
1.9944211,2
2.9974124,3
7.820192,8
5.516996,10
0.8777199,1
29.543707,29
2.579406,2
2.341885,2
6.1267705,2
1.9871917,2
1.7984926,2
3.1613543,3
5.332315,6
1.1564187,3
15.084722,15
3.0684097,4
2.7475307,3
1.6874577,2
1.7448021,1
2.011822,2
8.563994,5
22.978186,25
10.899739,12
1.5417901,1
1.0157543,1
13.778981,11
2.229599,2
5.435181,4
2.4862971,2
2.319302,3
4.3819623,4
1.8949116,1
2.1286092,4
2.3261652,3
4.594823,4
1.4822806,1
3.650813,4
3.6949723,3
3.9907796,5
2.344073,5
2.051314,2
3.135783,3
3.3449361,4
6.24769,7
4.898007,5
3.771312,3
1.6063894,2
2.842264,2
2.9563425,3
17.108416,10
1.4764062,2
3.127906,3
2.3719208,2
2.3183506,2
1.3471032,1
5.659102,5
6.9976745,3
3.1225207,3
1.8880981,1
6.9354973,8
11.069121,13
3.7597039,3
2.3145263,1
21.543512,25
2.7489026,3
2.9046633,3
2.1536002,3
14.925855,22
2.932683,3
1.4140326,2
4.083013,4
2.570913,2
2.383524,3
2.105561,2
8.848167,9
1.7590557,1
3.3497581,2
3.9565818,4
1.0550854,1
16.062534,14
3.6617644,4
2.7649639,3
3.8106403,6
7.509775,12
5.757356,7
3.3520033,4
2.6673868,3
1.3188477,2
3.0622413,3
4.612697,5
3.9607983,5
2.1650066,2
1.8320066,2
1.7318029,2
3.5134518,4
2.2609878,5
11.103402,10
1.6348456,1
1.0197569,1
2.527913,3
2.814022,1
2.7387686,3
2.2426715,2
3.23069,3
4.4709177,5
19.143166,18
2.843189,3
3.10871,4
1.1624405,1
4.68607,8
4.252238,6
35.0435,32
1.0700375,1
1.3805133,2
3.1195707,6
8.224215,11
4.790247,4
2.5680578,2
1.5591383,2
3.3359954,4
17.623354,26
4.0921173,3
8.127006,6
3.6230745,6
2.0391364,2
4.50988,7
18.685686,21
1.2470651,2
6.933458,7
2.351916,2
4.6689563,5
12.858998,10
3.214414,4
9.886756,8
3.8942845,5
8.666662,14
2.6020772,3
3.0872886,4
2.8918436,3
1.6886029,1
2.059996,2
13.079662,12
2.959061,5
1.6328121,3
10.356866,13
3.6524057,3
2.5097694,3
3.0124342,3
2.0522606,2
1.0306646,1
0.87689775,1
2.4678366,3
2.6744916,3
2.1111073,2
12.553933,18
7.2095885,9
3.6996348,4
6.3839555,7
20.663664,25
2.3895738,2
1.8690809,2
1.1135992,1
2.1325638,4
2.6917121,3
3.952891,3
1.2247459,1
1.3573185,1
4.7078557,6
10.996966,9
10.509094,12
1.5237793,2
2.0679095,2
12.517314,7
1.9786228,2
6.6692853,8
3.3804924,4
1.8538679,1
4.0040417,4
2.2073283,3
3.1381576,3
10.151076,11
1.2094238,2
3.9438074,4
22.391314,19
3.6366608,4
1.6134676,2
1.0903459,1
2.5771253,2
17.79026,12
3.5735633,3
1.0432842,1
1.9204249,2
13.564967,13
2.3314881,2
3.5335114,4
4.0341682,4
4.8080096,5
2.4044197,2
1.4863003,2
2.39177,2
5.902309,6
2.2653062,2
3.6116025,4
6.222792,8
2.1137578,3
3.6229413,2
4.7227964,5
1.2195238,1
1.0961354,1
4.600872,6
10.984714,9
11.201268,13
1.5533301,1
9.607107,5
2.130404,3
8.6626625,9
4.5489597,5
3.7984235,3
10.129068,6
3.3484356,2
1.9774772,2
11.796928,9
0.9755638,1
2.8508637,4
2.082455,2
1.7846488,3
5.935183,7
1.9932815,2
2.0096602,2
2.5732524,3
1.9036762,2
0.79732305,1
1.796022,3
6.979358,8
2.306735,3
4.386698,7
11.988808,15
8.940133,11
2.372594,1
5.678211,6
2.1742833,2
4.167309,4
1.6492833,1
1.6993032,2
1.6081767,2
1.3930587,2
3.9550679,6
3.6513653,4
10.591867,9
1.1294411,1
1.0858154,1
3.497844,6
3.351794,3
2.1829114,2
4.8369436,6
2.3656406,4
1.096773,1
1.9253734,3
5.033042,4
1.3583794,1
1.2104874,1
4.76115,4
4.3837104,5
4.06048,4
2.809758,4
2.9876907,1
9.417788,9
1.9516474,2
1.860623,2
4.0646405,5
12.94498,10
3.6230547,2
7.005972,8
1.3368202,2
1.9393259,2
9.07892,7
1.899031,2
6.625403,9
1.1374478,1
3.8831227,5
6.3530183,12
4.3796625,4
1.985084,2
1.7843188,2
2.77686,3
16.568743,19
4.112904,3
1.9841679,2
4.2401037,3
7.3368897,10
31.729223,32
3.1962583,4
1.2111119,1
4.136703,4
1.7360548,1
1.8808322,2
2.0318682,2
2.036413,2
2.7452896,3
3.1719544,4
3.2261302,4
3.785125,3
0.9527057,1
0.9688106,1
10.763252,19
1.8137316,2
2.7286327,4
2.9505556,3
24.511908,16
2.0711856,2
3.9870024,4
1.3344368,1
2.9758584,3
2.5217602,2
6.760856,6
2.292687,3
6.189012,4
3.2058742,3
6.708653,8
10.294033,11
3.8016682,4
2.938935,3
2.5229537,3
11.870519,11
7.0300193,10
4.304398,4
2.2926626,2
2.9887168,3
1.4649998,2
4.1900268,4
6.4316077,4
2.704491,2
3.097047,4
1.8434529,2
2.2771368,2
9.445545,6
1.5709056,2
2.0429618,6
1.0974343,1
2.877965,3
5.172202,4
4.878379,6
1.7124637,1
8.892771,8
37.751118,42
3.6963422,4
3.4598951,3
17.217915,18
4.191697,3
4.9936275,7
12.707695,9
2.44653,1
3.5173275,4
2.666602,2
5.4941754,5
11.075599,10
2.1516554,2
2.8395498,3
8.743367,10
1.0208341,1
9.065495,9
2.4837906,1
0.90468526,1
2.7119007,4
8.079396,7
8.573018,11
3.5089014,6
3.12375,3
6.1003947,7
4.3153076,6
18.46781,21
1.8225132,2
1.2014316,1
3.6370173,4
1.8292603,2
4.3499136,5
16.306732,28
2.5039048,3
3.14029,4
3.6793911,3
7.0253396,6
7.540755,11
2.694156,2
1.9958702,2
24.526491,40
9.2588625,10
1.9258804,2
2.208497,2
2.0610695,2
3.577611,4
2.6348898,3
2.2428572,3
2.2010138,2
1.950071,2
1.8504219,2
19.509481,22
2.0252366,2
27.815878,28
0.9472212,1
3.0494835,5
2.1312804,2
2.932649,3
4.764767,6
1.5101653,1
4.3350353,5
5.50691,7
1.748663,2
4.3035073,4
1.5731589,2
8.478256,8
17.4839,25
7.8152485,10
1.9727253,3
11.310847,18
3.5707293,4
1.2797167,1
2.6783516,2
1.3280885,1
9.808544,12
7.4703193,7
3.3454258,5
4.1691766,5
2.0630856,2
18.811167,20
5.245835,6
3.4582078,4
1.8398356,3
4.0103745,4
6.191668,7
1.4755996,2
1.7878948,3
5.0436873,6
10.086698,12
3.3890207,4
16.20886,15
2.5195036,2
29.15022,23
3.7940338,8
2.0117078,3
8.620917,8
3.4665043,3
1.016763,1
1.365574,1
2.0842855,2
3.2337735,5
5.204846,6
4.6079516,9
2.3195236,3
2.7878516,3
4.1978903,5
4.43237,6
4.669598,4
2.7984464,3
1.2674552,1
5.752329,4
4.8655586,4
1.7627937,1
4.172987,7
5.514153,5
2.5799298,3
1.2537563,2
1.7375785,2
4.157476,5
1.6622666,1
2.1404986,2
1.1964145,1
3.5561197,4
2.7100646,2
3.3011513,3
4.657216,6
0.92513686,1
2.0681586,2
3.5017102,3
3.3596122,2
2.201138,2
3.1576989,3
2.7413826,3
2.0066893,2
1.5280552,2
2.4904034,2
3.736369,6
4.969074,6
1.3544041,2
2.2227147,2
8.717833,4
9.215949,10
3.6983726,3
1.1101743,1
2.0035353,3
5.028118,6
2.6548758,3
5.2441063,4
1.0300729,1
1.7679539,1
2.2957408,1
6.9915376,6
1.4503673,1
1.4955196,1
1.6528066,2
2.8799655,4
2.8915765,4
1.593605,1
9.740397,8
1.1205465,1
5.67399,7
3.4379456,3
5.265183,5
1.9392663,2
3.2106144,3
5.789946,7
3.9425843,3
2.2004786,5
15.257991,8
1.3541664,2
7.2051654,7
1.4849063,2
4.671985,5
2.0725982,2
8.4178915,7
0.89742595,1
2.4276462,2
1.7582655,3
1.7251278,1
12.254064,7
6.344094,3
9.734521,9
1.8451644,2
1.0504841,1
2.0052252,2
8.697477,2
2.5511744,3
1.6956697,2
1.841649,2
21.030386,24
4.7931943,1
2.4605026,3
8.165687,6
2.1167305,2
3.4771616,2
9.590291,10
6.37507,8
2.0438251,3
2.0963516,2
4.4565988,5
2.351208,4
2.1776307,4
2.9137764,3
2.323146,4
26.372429,28
8.787127,8
2.5884728,3
2.113042,2
2.9243784,3
2.0872843,4
3.7541778,3
5.938229,4
1.9575807,2
5.413257,5
3.312516,3
1.9244143,2
2.2008586,2
6.58155,7
1.204277,1
2.468264,4
1.7519115,1
2.5275378,6
1.6006655,1
2.0421202,2
16.09846,15
1.8409519,2
0.9551007,1
2.200919,2
25.973066,30
5.8005276,6
7.4647193,11
22.69545,21
2.0939527,2
2.595632,3
10.785914,15
1.2792406,1
6.1546006,7
26.00361,30
9.156715,9
1.8964273,2
11.018491,8
1.0063374,3
6.735514,5
0.9700478,2
1.5467325,2
6.688488,10
3.967819,4
3.025192,2
1.8929485,2
5.099051,3
1.6083242,2
10.004016,12
6.82492,7
1.8767143,2
1.5781742,1
1.169204,1
2.9837446,3
3.9006822,3
2.6934974,4
2.4711704,3
8.33506,8
4.960459,6
1.8549776,1
1.181503,1
1.8878273,2
1.9645514,2
2.6757822,2
2.641774,3
4.5873704,6
10.200348,12
9.863577,7
4.047048,1
3.3276536,2
3.4386365,4
2.036803,2
2.0325983,2
1.9271654,2
13.214503,21
3.4222596,5
3.7011116,4
2.0866861,2
9.090807,5
2.6537538,4
3.3152945,4
3.4308794,3
18.912254,17
3.5171921,4
2.582311,2
1.4530257,1
8.555922,11
5.955265,8
1.9256516,2
1.1532062,1
1.576941,2
1.3538088,2
1.1663185,1
2.7402432,4
13.71801,12
9.066418,11
2.0784793,2
1.0181152,1
3.3050988,3
2.696392,3
3.7163804,2
0.969129,1
11.203571,9
4.2444386,6
1.8632287,2
2.187512,2
3.5015304,4
2.0916686,2
2.31158,5
4.318407,4
1.3362299,1
2.2142384,3
1.7635788,2
2.2692149,2
1.9685043,2
2.1730673,3
1.3233178,1
54.404186,30
9.128623,11
5.0318437,6
11.09467,12
4.1802616,3
1.6773249,2
6.1246514,4
21.328594,17
11.293397,12
11.068901,12
5.4652076,6
2.0633428,2
2.3047702,3
1.8459611,2
3.0841722,3
3.3575122,5
2.598583,3
2.8318832,4
2.2081351,2
1.0277779,1
8.888226,7
2.073481,2
5.454431,4
3.3458345,3
3.408693,2
1.3131796,1
2.5995603,3
2.0621116,2
2.9803095,3
4.619405,4
25.937948,27
0.9626551,1
2.6928189,3
5.6738243,3
1.861852,3
3.4843178,2
4.8466535,4
2.631486,2
3.6673267,4
4.3494463,5
2.6716034,2
6.613525,10
2.8669822,2
3.2322035,3
7.053579,4
3.3663702,4
4.529476,4
6.974537,6
3.176708,4
27.6569,25
3.1282637,4
1.9710976,2
10.801506,14
3.522813,3
5.6741767,3
3.6509469,3
9.312056,25
16.356796,25
1.551927,1
1.4399738,2
2.9429502,3
2.685868,3
5.45513,6
2.5689278,3
3.41134,5
3.3943036,4
22.717474,25
4.4269686,5
7.6976113,10
4.171477,2
9.595002,11
4.82546,6
2.0024254,2
2.3146477,2
2.1154792,3
2.733772,4
5.5940995,5
1.8000135,4
2.147302,2
2.4268162,3
3.7439616,7
2.0545301,2
1.8364471,2
3.2821667,3
1.8366584,3
2.9226503,2
4.806535,4
6.2911034,7
2.350891,2
2.5438008,2
7.958452,8
1.8034474,1
3.7404754,5
3.773907,4
2.8589408,3
1.7394568,2
2.7155764,3
28.083216,34
2.2765625,2
3.0359619,1
2.0612035,2
14.883948,7
2.0242565,2
1.401556,2
0.9556764,1
1.585343,1
3.1623793,4
10.2331705,10
3.5655909,3
2.5048165,4
10.572803,14
17.948986,32
4.719089,7
5.9751973,5
2.4365728,3
8.393662,11
0.922996,1
3.9210107,3
2.9135475,5
4.145605,2
2.9878814,1
7.625084,5
1.2442502,1
2.1210928,3
3.7406285,5
3.7143278,2
1.4981252,2
2.6733968,4
1.8278636,2
0.7844658,1
3.900132,4
3.1598332,4
1.1103683,1
1.3826288,1
5.0389686,5
2.4357822,2
1.4981841,1
2.7275913,3
11.490448,15
11.577961,11
4.7965713,3
2.195052,2
2.3431792,2
1.8072885,2
7.524423,6
7.8667235,7
5.7021976,6
4.6759915,4
1.8852764,2
8.961852,18
1.5532414,2
2.0259118,2
4.1894135,8
1.695717,2
3.914903,6
8.299594,4
13.766514,11
2.8252163,3
2.2721038,1
33.27622,46
9.796531,11
7.964953,8
1.9757658,2
2.7351243,3
13.616366,12
2.0918567,2
1.2116091,1
3.1226938,3
3.3083737,3
1.9546237,2
1.9283109,1
5.501381,5
5.3189654,6
2.23887,2
2.0978878,2
2.0013645,1
1.9347892,2
6.277859,13
4.656073,6
12.326308,8
2.7030952,3
5.9582763,6
2.6951306,3
5.5279446,10
2.476723,2
9.486799,14
2.8669605,3
2.404151,4
2.7377646,3
2.5520349,2
18.422712,14
0.76797223,1
6.7420783,7
3.794853,3
18.959179,16
3.4389505,5
0.8742649,1
1.9035219,3
2.4012296,2
5.975388,6
11.343129,15
1.5438584,2
2.702532,3
2.1896133,1
2.969271,2
3.002145,1
4.233831,4
10.220417,5
2.9159195,3
4.3749633,4
1.0003985,1
4.0761495,6
4.024086,5
1.6876655,1
2.514613,3
25.832914,39
8.764088,3
5.3738575,2
2.0246315,2
2.6947927,3
1.1455827,1
2.0889935,2
4.2498627,3
1.9780747,2
6.169279,5
2.00144,2
1.9840121,2
5.0685277,6
1.8981876,2
2.8980017,3
29.050547,28
1.8682023,2
6.625826,6
4.8896227,6
17.972187,31
3.9601774,4
1.9852592,1
1.1308267,1
1.2140539,1
5.8051696,17
2.1592894,1
12.348285,11
3.8346722,4
4.8616176,5
2.9359767,4
10.405006,14
2.4700155,3
4.309306,4
6.758578,9
1.1415826,1
3.946636,5
14.979916,14
2.6448255,3
6.4125595,6
2.5645952,2
1.9984598,2
2.7271156,3
4.1717305,6
3.5650136,3
2.1992707,5
2.1750033,1
1.9683298,2
2.5562453,2
3.4487255,3
2.8275986,3
4.726873,4
1.9367557,3
2.8690329,3
6.260452,5
2.6560428,3
2.0285,2
2.3104606,1
61.17809,78
8.857835,16
13.210026,10
3.4189727,5
6.9702744,7
3.1837113,3
4.512701,4
9.34551,8
5.0409966,8
1.8781062,2
2.3235793,2
3.8210707,5
2.8323295,3
6.8792243,6
1.9562716,2
3.0805113,2
7.628921,12
2.1972668,2
2.0062728,2
2.5984373,3
15.309677,16
1.2203324,2
2.083856,2
1.1203107,1
7.3076477,7
2.7273223,3
7.6945453,10
2.8482,3
6.43713,10
1.003502,1
3.5819845,7
7.8321395,14
4.213541,4
2.018204,2
10.537454,9
1.272857,2
2.0625935,2
2.8984005,3
17.113527,18
3.2615812,3
1.5136709,2
2.2098768,3
4.7422113,8
8.392906,11
3.7622044,5
4.1403494,6
10.700398,14
4.2842474,4
3.184212,3
4.7161984,5
11.905556,14
1.4568505,1
3.5183628,1
6.0344863,8
11.524135,15
2.1013818,2
4.022514,4
4.0685253,9
2.00032,2
8.132774,2
1.9750425,2
1.3007069,1
3.2130337,3
2.2835321,3
6.523191,6
2.196509,3
14.863894,15
5.008556,5
6.224165,6
4.1100864,5
3.2013557,4
2.896283,4
2.9811957,2
1.4960165,2
5.7190423,9
2.7192686,3
2.1730866,2
2.878932,3
2.0708034,2
3.8240302,1
1.0874516,1
25.020792,21
2.779401,2
3.3760536,2
4.6086755,4
34.20716,44
5.852346,8
4.4154825,4
8.451358,6
7.0984225,8
10.66001,16
23.266228,20
5.845524,9
1.9585241,3
2.883935,3
1.1354164,1
1.3864312,1
4.4422746,4
1.031338,1
7.2545466,7
2.7620409,4
1.0612574,1
3.4231598,5
4.2625995,3
4.253252,2
26.736013,20
2.15921,4
3.6755772,5
2.0017095,1
9.291293,11
2.6668956,3
4.7246356,2
1.8328363,4
6.495417,6
3.3038757,5
7.417628,7
2.0398302,3
1.5561953,1
1.8519711,3
3.069092,3
7.2059784,4
4.30122,7
2.640473,3
2.1742053,2
7.6443515,8
5.5557084,6
1.181003,1
4.143636,5
5.1612134,7
5.9621615,6
2.8626893,3
1.9710556,2
1.4834089,1
3.9605248,5
1.1487991,2
2.787432,2
20.822113,30
3.9895322,4
4.684455,4
2.9880621,3
0.94647807,1
2.1235516,2
2.8610704,3
3.076542,3
6.3956723,8
4.123499,3
0.8690869,1
1.4063681,1
23.92911,14
1.7566897,2
2.465401,4
3.4209013,5
1.9875984,2
2.281853,2
2.6720724,1
1.8514615,2
3.0325348,1
2.1396914,2
1.0614583,2
13.816566,25
1.924303,2
2.5358117,2
6.2684503,7
6.452482,7
6.3460565,7
2.7362564,3
8.1187525,6
1.9065837,2
7.685625,7
4.8077555,5
4.272602,5
5.0455284,4
6.747267,9
3.3882058,2
3.4938958,3
8.444198,6
5.056157,7
3.0181894,1
2.9773877,2
1.2381799,2
3.233245,5
2.8844774,3
4.5629644,6
2.053467,2
6.7296033,14
1.2883638,1
11.097286,14
4.2278066,7
8.754583,8
3.3149655,2
1.7619549,2
2.3596072,2
1.5010277,3
3.385616,4
2.8823907,3
3.5249298,2
5.543375,4
5.1922555,4
10.699443,11
2.919878,2
5.4315186,8
2.2694242,3
1.8514942,4
2.140726,2
1.0938824,1
15.872279,17
2.462377,2
2.618284,2
14.014731,11
3.0578597,2
8.053322,7
1.4686574,1
3.6335685,5
3.8936834,4
41.29904,38
2.9637897,3
3.2805235,3
2.2554748,2
1.0246956,1
2.7778785,1
2.0120637,2
5.254048,4
3.2254212,3
9.769655,12
2.7448452,6
3.4026215,4
2.810077,3
1.9159044,1
2.6386383,2
6.3112903,5
1.9416338,2
3.314029,3
10.348493,10
1.8486391,2
1.6081954,2
16.219515,19
1.0433868,1
2.2690315,3
22.888891,23
1.2794245,1
3.034806,3
4.019079,4
2.0530257,2
8.274079,10
2.2576406,3
2.612169,3
1.9957315,3
1.3078468,1
3.1754496,3
1.9346479,1
3.4805138,3
0.8818114,1
1.441403,1
2.6690924,4
2.3164065,2
1.4800572,2
3.3018541,4
1.9668747,2
2.358877,2
1.3512679,2
3.1369307,2
3.2192843,2
3.0809157,3
2.0123954,2
1.8696445,1
1.3660164,2
5.5848174,8
1.2544332,1
1.6561953,1
8.698908,9
4.194893,5
15.665081,9
1.6818156,2
1.6905719,2
2.951205,3
13.013522,16
7.140886,8
61.36461,58
2.3578556,3
16.340912,22
7.5550475,7
57.86083,63
7.341101,9
2.057217,2
0.82459277,1
2.3995256,3
1.4367524,2
2.0235076,1
6.010975,6
25.408957,27
7.957624,9
4.187724,4
1.5041329,1
25.826502,21
2.7573674,3
1.7811478,2
2.4356575,2
1.0977759,1
2.8326542,3
5.0332565,5
2.3705108,3
1.912314,2
7.4945774,3
4.317261,4
0.94455147,1
4.5147715,4
3.574961,4
6.169494,7
1.7095085,1
1.3173735,1
3.1661384,3
5.084484,4
2.1452065,1
3.6952145,4
27.21258,22
10.665611,11
1.0563868,1
1.8975062,2
14.838635,20
91.67913,90
7.3283553,8
4.2581124,5
3.9553134,5
3.488932,4
7.5884857,9
3.7079694,4
13.007995,16
2.0239077,2
3.760129,3
2.0876775,2
2.7166383,2
2.3076625,3
1.3126773,1
2.0515416,2
0.8955054,1
8.465139,14
3.829935,4
5.0832624,5
2.6894808,1
6.1735206,6
2.0481796,2
2.0039396,2
2.9477332,4
1.8337501,2
1.3053395,1
1.3644229,1
4.6132717,4
3.4953334,4
3.2231133,4
2.9816456,2
2.054808,2
37.744442,40
5.7946486,3
1.7599818,1
4.9143963,6
4.1122255,5
1.7634177,2
17.167292,16
1.9761233,1
2.1715105,2
1.1600453,1
3.769488,3
7.7206407,10
4.603457,7
5.6211514,6
28.58138,27
1.9727029,2
0.8780377,1
1.2529491,1
7.9749503,8
5.307985,8
1.1766661,1
0.89988613,1
3.9152899,3
2.4200685,3
2.120683,2
2.770504,3
0.7610437,1
3.345679,4
2.2626152,2
4.17045,4
1.7439398,2
2.1148167,2
7.6090794,12
13.881309,9
11.793702,12
3.318433,3
1.8752657,2
9.40421,14
2.9943733,3
1.1836255,1
2.1340578,2
5.387058,6
1.7217411,1
1.0179148,1
4.4713087,5
2.2149549,2
3.9812927,4
2.42149,2
6.668238,5
1.4219934,1
2.3547635,2
2.1034553,3
3.8293006,5
2.8586884,3
9.569725,9
29.219337,17
2.3458834,2
5.95367,2
1.6242844,4
2.5673857,3
1.2577871,1
1.8057185,2
3.1413257,3
23.426943,22
4.282937,4
2.9533837,4
11.144053,10
2.793906,2
3.83377,3
5.505518,1
2.4140897,3
12.499547,12
9.164091,7
3.1720839,3
3.947376,6
1.9883219,2
1.8357674,2
4.286379,5
13.146141,18
0.9034268,1
2.7822342,3
17.389082,16
1.972093,2
5.940836,7
4.254396,6
6.472593,12
7.6989045,17
1.9722515,2
5.7720656,9
1.4087858,1
7.49267,12
2.0409632,2
0.9602986,1
8.234049,9
3.005492,4
9.741962,9
2.0116885,2
2.3692641,3
5.2424493,5
10.661688,3
2.0283046,2
3.198753,6
4.5619297,5
2.8637207,3
2.561773,3
1.6738029,1
2.206251,2
1.5683573,1
2.855564,3
5.5665536,8
2.3343315,2
2.6458473,3
6.478274,9
3.7149656,3
1.9714774,2
1.5228548,3
15.64753,17
2.4517052,3
5.9419856,5
7.061493,13
1.877128,2
2.735986,3
3.0555592,4
17.499584,7
18.860407,19
5.3324027,5
2.2611032,2
4.8667755,5
1.8879347,4
3.1954281,3
1.8372129,2
2.203108,2
1.8289477,4
2.7511702,1
2.1109586,4
1.4361824,2
1.0389049,1
1.8948568,1
6.439064,5
3.041156,1
2.7321937,3
0.83893985,1
2.8156729,3
7.6187844,8
1.8489925,2
2.3930562,3
1.526034,1
2.984389,3
3.5258675,4
6.1002502,8
4.263342,4
2.5801868,2
1.0515026,1
9.723547,6
2.344581,2
1.5610901,1
1.9445437,2
2.67322,3
3.0871346,5
3.241743,5
1.0476602,1
3.1196735,3
3.2398918,4
3.9687622,4
4.6236787,6
9.16542,15
15.066434,10
26.067572,37
2.269111,2
3.413348,2
3.981779,5
34.4728,35
3.0585415,3
1.3241858,1
5.4482446,6
5.5019135,6
3.0641954,2
5.798778,6
2.5387986,2
9.374056,8
3.8793542,6
2.673028,3
11.454772,28
3.638078,3
2.356173,2
6.1454635,7
2.0334635,1
2.1297877,2
5.950937,8
12.716531,10
2.0563972,2
11.828269,14
1.5603844,2
2.0462697,3
13.258205,12
6.274966,7
1.31558,2
2.726145,4
1.958325,2
6.20393,6
10.066016,11
3.3473406,2
14.469602,19
1.1338483,1
2.3348634,2
2.3786776,3
6.2993507,8
6.3241487,6
7.573585,9
6.105376,6
1.132042,1
9.378849,9
11.056897,12
7.355074,6
1.7005926,2
3.1449215,2
3.2093055,3
3.0509262,3
4.032597,3
1.4313087,2
6.074702,6
3.2632542,2
2.3535547,2
5.0694804,5
1.7810739,1
2.9105437,3
1.0676513,1
1.6361867,2
5.766876,7
3.6025078,6
2.493522,2
17.739359,15
5.493771,7
3.4426968,4
1.0394735,1
4.032737,4
2.1470246,2
3.101786,3
15.975594,13
2.9339209,3
2.9179869,2
1.566358,2
7.221712,7
34.30765,33
4.712001,7
4.0740905,5
1.420241,1
7.425526,7
2.6087716,3
7.95352,10
1.1342442,1
1.6530873,2
1.3059832,1
3.909526,4
3.0565975,3
1.4592481,1
2.7705,4
6.9843173,6
3.9720457,3
3.4230158,5
1.32286,3
4.234791,5
1.1338493,1
8.171642,8
14.333015,15
4.714724,5
4.725562,5
0.99756354,1
5.13088,4
1.931162,3
1.4523878,1
10.3951645,10
3.1187954,3
2.438356,2
4.777867,6
1.3233969,1
1.5940071,2
8.245061,9
2.896723,3
4.426845,6
2.0361743,2
2.8851988,4
2.8710306,3
4.122559,6
5.40554,4
30.245958,22
1.2495314,1
11.56736,11
9.383606,8
2.5032382,2
1.3033398,2
6.0763984,6
2.0083287,3
15.694992,13
3.4837046,4
4.356685,6
2.6466584,3
1.2669945,1
4.728648,6
12.130073,12
2.1405852,2
5.171239,10
1.5937451,1
1.99011,1
1.8951378,2
3.1247818,3
2.574862,3
3.591155,4
4.51414,2
4.59977,5
2.6006768,3
1.6487895,1
5.106593,6
8.7838955,8
2.4956183,2
9.5636215,8
3.8016002,1
8.98879,9
2.4528024,2
10.323155,12
13.895259,15
3.698559,5
3.2007284,4
6.3142447,6
8.358785,10
2.2406182,2
1.9332587,5
3.5861893,3
5.788044,10
6.7256737,5
4.5548525,4
2.3981361,2
2.4615083,2
4.81886,3
5.3499923,6
5.6871123,6
7.1362934,7
2.3812783,2
3.093467,2
2.8454568,3
2.506876,2
2.0004375,2
6.866375,5
4.637322,5
3.364785,2
14.600545,11
1.0430541,1
1.3135754,1
4.2045674,3
3.0500662,3
2.5677285,4
2.9037592,3
2.1739402,2
11.455695,12
4.084233,4
4.7478957,11
16.292074,12
1.2024741,1
1.7125964,2
5.9494424,5
4.722402,4
1.3132137,1
1.7829388,3
4.1273646,4
3.959159,8
2.622356,2
2.606988,4
81.32219,120
1.4429532,1
2.64248,2
2.0526304,2
2.6206632,3
2.3935664,2
2.3879554,3
7.222528,7
1.8060184,3
1.4904364,1
9.627801,18
3.1119251,3
2.0058396,3
10.7055855,10
4.9807525,4
1.3755401,1
8.996999,11
2.3662465,3
34.863277,38
7.4543357,5
1.4503404,2
7.2559547,5
1.3963302,2
1.7962056,2
2.3384528,1
2.023386,2
5.531667,4
2.0772126,3
1.8282313,2
10.33589,14
1.2843994,1
2.0020897,2
1.9846495,2
10.740094,8
2.186754,3
8.9028845,11
14.181901,10
8.217899,7
9.6969385,9
4.318567,2
1.3888031,1
2.229638,6
2.1155555,3
1.3253132,5
1.4826847,1
4.6524453,6
3.6519234,3
2.6316738,2
2.0327525,2
4.655538,4
19.760822,15
1.4971582,2
8.448514,13
5.5942826,7
7.040132,8
13.268701,18
9.5463085,18
18.744284,23
3.9149911,4
5.6804414,5
1.2221261,1
3.280103,3
3.9652736,4
1.4704956,1
4.2739177,4
16.163412,22
3.3894072,3
1.4139746,2
17.946148,10
2.805338,3
4.662209,8
14.885465,13
15.534539,24
5.003319,6
4.345123,4
9.470857,9
2.1194398,2
2.5209684,3
6.1393695,6
3.3900042,4
2.3806772,2
9.445014,8
3.1686456,3
3.6147707,5
10.625494,10
1.8092389,3
2.1928809,3
2.948166,6
4.313391,5
5.6151824,8
6.104084,5
2.6913593,3
3.3213184,2
8.786357,6
3.4337747,2
3.220803,3
3.450345,4
2.6736104,2
4.253505,6
4.1902037,5
5.0725684,8
2.5641515,3
3.9575932,5
2.3005347,2
1.4809865,2
24.980875,27
2.0215085,2
1.2581862,1
1.8180137,2
1.9864589,2
2.25166,3
1.1929417,1
1.5212029,1
3.8925285,3
3.9020808,4
2.8738415,2
6.018475,7
0.82690954,1
3.1732063,3
1.910862,4
9.425257,8
1.348403,1
5.2007556,7
6.1722207,6
3.0013618,2
4.814948,4
1.9511384,2
3.6183097,3
7.379314,9
1.6544448,1
9.793988,11
8.272111,7
1.8096048,2
6.710718,6
5.60576,8
13.163623,13
2.0886624,3
4.265039,7
1.4873012,1
3.8601067,3
1.1367677,1
22.78602,29
1.6655906,3
10.484029,13
21.147682,24
3.0561104,3
3.1975193,5
2.9581478,6
1.0032797,1
3.581148,3
4.9700603,5
3.2240849,4
2.1550372,2
3.8177707,3
1.9945818,2
1.3948075,2
2.1725254,2
12.304175,14
4.1208525,4
3.2459028,3
11.125397,9
1.8003067,2
2.5906484,3
2.4926238,4
3.7523105,3
2.4482908,4
3.5061576,3
3.5106084,4
1.9591728,1
3.1593292,3
3.5618296,4
1.3504728,1
5.56275,4
2.2633271,2
4.18861,5
0.8983609,1
1.3140988,2
4.4749136,5
3.724038,3
6.221716,16
3.7306201,5
2.953687,3
9.199122,14
3.825019,4
4.01663,4
2.4184742,4
6.0367875,16
1.433278,3
3.1925251,2
2.3573358,2
14.854651,18
1.1456149,1
2.088712,2
0.8785419,1
8.273601,8
3.9356663,4
1.4516463,2
0.7886419,1
1.9600176,2
5.0064864,3
7.892822,11
6.9635262,8
3.600169,4
2.9501314,3
0.93349725,1
1.1906326,1
5.686943,8
5.541123,5
2.0714707,3
0.97121185,1
3.6967442,4
2.0814354,2
7.773706,10
8.82599,9
1.8963045,2
4.005776,4
5.7968726,8
3.4008143,4
4.121237,2
6.2541566,6
5.493749,5
11.104907,11
2.199634,2
5.066999,4
6.579103,6
2.361277,3
9.3842325,14
3.7729795,3
1.1152735,1
1.8964804,2
2.356159,3
7.339451,3
2.2440572,2
6.596709,8
6.6373277,6
9.566575,8
16.575,22
1.7032839,2
3.971673,3
1.8300172,2
2.098904,2
1.9855703,1
1.9523319,2
12.946437,14
1.9860082,2
3.6559124,4
2.816881,2
13.690758,21
5.715937,4
1.2272522,2
1.0027077,1
2.3532434,2
3.4055293,4
9.445064,13
2.9320602,3
8.2326355,13
9.919258,12
100.36378,120
3.5548542,3
9.15791,10
3.0790293,3
2.6709979,3
3.3400853,2
2.7864153,4
2.562749,2
3.2944717,1
8.124552,7
16.150368,23
2.9784515,3
1.897662,2
1.9756103,2
3.0129216,3
5.311825,6
13.879407,16
10.531151,14
7.7028785,7
4.0519404,4
1.9986755,3
2.2970948,2
2.1415215,3
7.664637,5
0.76626855,1
1.9154364,2
2.9738243,3
3.4947007,5
4.9462748,4
5.52539,6
3.025381,4
1.2403768,1
7.058412,5
3.4343166,4
2.2800057,2
1.9119824,1
3.0619571,4
13.450249,13
12.628644,12
8.375201,13
1.5429597,2
5.303929,11
2.024517,2
5.4762626,6
6.0942574,11
3.7830458,6
3.037553,3
3.5191479,3
1.5158628,1
2.721879,3
1.6926769,2
12.474359,18
5.1801877,6
2.7650728,3
2.8787687,4
2.0086854,3
7.732558,7
1.0237691,1
2.3374934,1
4.446756,6
18.22627,18
6.94435,8
2.6229188,3
1.0137033,1
3.809598,5
1.4531398,2
1.8992363,1
4.839166,3
16.62929,19
0.89099646,1
2.6187193,2
1.3472557,2
13.846948,7
1.1434628,1
132.63353,100
3.6256964,4
2.928592,3
2.4864967,2
1.4485658,2
2.5627782,2
5.599631,5
1.4966522,1
8.812815,9
5.2672243,5
10.567823,9
7.094994,7
1.8764353,2
13.921253,14
11.355019,14
4.4306827,5
1.5248932,1
8.454178,11
7.8890777,8
1.9544071,2
1.5195512,1
6.702215,9
3.6235583,3
7.431724,5
3.9485524,4
3.412876,5
1.5670795,2
0.7769871,1
4.937164,5
3.2222183,3
21.335434,33
4.391063,5
2.4490547,2
21.045067,12
2.3057482,2
5.5704103,6
6.7959266,4
4.275853,8
4.8893805,6
7.5335884,13
10.176539,11
2.3652675,3
2.291325,4
3.032872,3
1.3388363,1
11.612088,18
2.5588295,2
10.42181,8
1.4247593,2
9.626422,13
4.113808,5
1.2095581,1
6.1076865,7
12.676852,11
10.867854,15
1.5102811,1
8.472325,13
2.005046,2
6.3148637,9
3.9917476,3
2.9117982,4
1.9973358,2
2.156743,2
2.9912598,3
2.0556755,2
4.369948,5
0.8902767,1
1.8472351,2
20.833693,21
1.9339937,2
4.8383946,4
3.2659056,3
2.8182833,1
6.7474656,6
18.455313,20
0.94366765,1
9.813405,4
1.9677216,2
2.816343,4
26.10332,13
2.9855144,3
3.3221073,4
3.032718,4
0.7632701,1
2.1839452,2
2.311754,1
4.7170887,4
3.5111015,3
9.459129,12
11.290631,12
9.763682,7
2.9294136,4
4.99361,6
1.8666052,2
6.3468533,6
1.9786304,2
1.549802,1
1.213165,1
1.1553006,1
11.240269,23
9.0781355,10
5.834381,4
4.5068097,5
8.6988125,6
1.640467,2
2.7861106,3
1.1583893,1
1.8606286,2
2.8262997,4
9.183347,13
18.118118,22
2.0668657,2
2.6679497,3
8.848762,11
15.177175,9
4.853999,2
5.120791,7
8.093641,10
1.230204,1
3.6480608,4
1.9648598,3
10.063421,7
4.5553937,5
1.9935775,1
8.882341,7
5.0898185,4
3.5943058,3
4.4223933,5
32.198483,52
4.712547,6
3.1035125,2
1.2768588,1
6.2509856,9
3.8928394,3
2.5509493,3
11.5554,22
1.5006636,1
1.613979,2
0.85696745,1
1.1585575,1
1.5137774,1
10.429354,10
2.8264158,3
6.430467,6
2.657536,3
8.691539,7
1.5537647,1
1.7117182,2
2.1904836,2
2.0274508,2
16.355753,18
2.0420814,3
1.7794765,1
3.78428,5
2.0897143,2
2.3557034,2
2.4468462,2
1.82516,2
3.3154974,4
2.1374156,2
3.798423,4
2.931688,1
2.360998,1
2.7275333,3
4.6799307,7
12.665853,13
11.25901,13
3.18739,4
3.3377922,4
8.19306,7
1.7151941,2
11.208557,10
6.4016967,6
2.88248,4
1.9975475,2
3.3008635,7
2.1875963,2
1.3696499,2
4.605245,4
2.7361615,4
2.478875,2
11.464223,10
4.0199575,5
14.3307085,8
1.7131554,2
4.451152,5
5.0419197,6
2.9823139,4
0.98887175,1
3.2949812,5
2.5059974,3
2.2751884,2
2.196081,2
3.109023,3
7.0323577,7
2.2419596,2
10.989957,17
3.1890957,4
3.3958485,4
4.110207,3
5.08467,5
2.951847,3
11.599799,13
9.931048,10
50.292286,87
0.9264538,1
1.2917488,1
2.1650314,2
2.708969,3
4.0905175,4
1.6018246,2
4.7275176,5
7.827619,9
3.7818038,4
1.2904676,1
8.876683,11
2.0109198,2
2.347911,1
1.8413075,2
6.528381,7
14.681479,13
2.053229,2
2.9182463,4
2.534926,2
2.6839511,2
7.595206,8
18.31596,28
4.497874,1
3.931649,3
2.8547153,3
1.6859258,2
1.274773,2
2.0043995,2
1.1059525,1
4.843029,2
3.158024,2
7.050219,6
2.468183,4
2.4584522,2
9.241289,10
3.0044677,2
3.625178,2
5.738258,7
3.2820196,4
3.6904657,3
2.2111413,2
3.1390953,2
8.092217,9
0.9055144,1
2.3351092,3
2.8005524,3
8.387745,9
1.9386464,2
2.065827,3
7.854547,5
1.7670132,2
19.405802,24
2.0578318,2
0.89788914,1
1.8964535,2
7.603792,5
8.202033,10
2.1572347,2
23.387827,5
3.1418536,3
6.319532,6
2.9998214,4
3.9018476,4
2.3834882,1
8.950243,9
2.9261882,5
6.0806603,8
2.088091,2
7.1442246,4
2.0583239,2
4.8617887,4
20.139776,17
5.2801228,4
2.0207381,2
3.754205,4
5.1980786,7
2.040429,2
3.353667,4
2.2821038,3
1.1422092,1
1.2750161,1
1.3937174,1
2.7710922,4
1.1954057,1
1.4880162,1
2.8793433,3
1.5798055,2
48.056507,48
5.7949424,5
2.9632328,6
2.737529,3
1.8792968,1
2.243477,1
2.7298038,2
4.6453013,5
5.1605487,6
1.3780538,1
2.820956,3
3.5800123,3
12.659686,12
3.7227533,4
2.7445734,2
4.798111,6
26.277136,25
3.9539137,3
1.7935327,1
1.4009882,1
8.910158,13
0.9481408,1
2.504453,3
8.022671,13
6.695354,4
6.802174,7
9.697363,9
1.2127038,4
25.495277,36
7.678038,8
3.887592,4
3.094478,3
2.4626808,3
2.0952952,2
1.4059857,2
5.646538,11
12.956525,13
2.004841,5
1.0021248,1
2.078316,2
6.8498993,4
9.5667925,6
26.243658,28
3.711563,2
4.846957,4
1.1252196,1
1.5024878,1
4.613691,5
3.4719784,4
1.502463,2
2.9918263,7
7.4515576,6
4.2712245,6
6.8879204,5
1.8805957,2
3.568866,4
1.8142263,1
2.761791,1
1.5254306,2
1.3353611,1
2.3988605,3
2.2659757,3
1.8111132,1
5.2660127,7
1.6861438,2
2.5209832,1
12.254848,31
3.296458,4
2.2983723,2
1.9543715,2
2.149034,2
3.94231,4
5.6570454,4
1.5005792,1
2.6225047,2
2.799364,3
3.5636232,4
3.042703,4
4.008496,5
1.5837122,1
2.5095932,4
1.9074847,1
1.7737576,2
2.4952056,4
3.4968574,3
3.8065345,4
2.445806,1
3.7521675,4
2.9593627,6
2.8536751,3
1.2999499,1
1.9880394,2
3.370303,4
1.2220175,3
2.7001963,3
3.863859,6
2.819857,2
1.6453251,3
9.856595,9
4.0887246,4
6.246039,6
2.8034227,2
41.69846,43
0.8819253,1
3.9789,3
2.3397048,2
1.1916293,1
2.6727126,3
10.617814,22
1.866897,1
2.8972619,2
1.8506966,2
2.9479578,4
4.234822,2
1.5361261,1
4.2896314,3
5.5672646,4
11.698817,7
1.5363938,1
2.6107376,3
11.080829,14
2.998397,4
3.6345243,3
3.928065,4
2.559783,4
1.2796376,1
11.831879,10
9.54561,10
2.2254708,3
2.0275264,2
1.229956,1
5.0263147,3
1.2116078,1
2.4877734,3
1.0711498,1
2.660057,4
3.800048,4
7.0228734,8
2.7506511,2
6.688711,10
4.424891,4
1.7689133,2
0.83123803,1
2.3596714,3
4.4410386,8
1.296301,2
2.4780538,2
57.7979,43
1.3347737,1
1.0223681,1
1.8437852,2
4.151299,4
8.570214,8
3.5025923,4
3.1624653,4
4.638003,5
6.01187,15
3.4869516,3
1.2113637,1
5.7253723,5
2.9847536,4
13.317464,10
12.966153,10
2.3595355,3
16.277756,13
1.7425548,2
1.9446698,2
2.9858582,2
2.18381,2
3.007066,3
12.2430525,4
4.9042287,7
3.1071274,3
2.0096602,2
1.2975987,1
13.168346,11
3.9048383,4
4.3177943,4
1.991468,2
1.9291443,1
1.0364546,1
3.764487,4
16.5558,11
2.1384842,2
4.4869146,3
2.996928,2
1.4484186,1
11.654805,22
11.45123,15
4.6544323,5
10.480728,14
3.2001612,4
29.226257,21
9.489098,8
19.346897,15
3.3015277,1
1.3175979,2
11.013934,11
2.3815696,1
2.2111683,2
16.094511,15
4.828495,6
7.303526,5
2.8465784,3
0.9449188,1
6.928881,5
1.6037868,2
13.695422,13
0.8152313,1
5.6762295,7
1.9940019,2
2.125654,2
1.2067221,1
3.1576395,3
2.280243,1
13.022084,8
2.9135482,3
3.0095422,3
1.0514423,1
1.2677858,1
2.6136382,3
6.4225173,7
2.5322351,2
2.0019598,2
1.9282638,2
1.7391305,2
3.1152642,2
2.2205036,5
1.7628704,2
2.1081784,2
2.9891522,4
1.8146361,2
4.0168867,3
2.2695944,4
3.770356,5
3.8059947,4
1.3268533,2
5.7179446,8
2.095168,1
3.173112,4
6.0877113,6
8.676576,4
1.2717049,1
23.162024,27
13.395625,12
2.3497844,4
0.97731996,2
3.4192412,4
6.5011964,8
2.0165653,2
12.324908,13
2.7679703,3
6.706823,5
1.1760098,1
3.630658,7
5.1729755,5
9.315491,12
1.8418409,2
1.7603394,2
20.490168,31
1.9290566,1
31.42042,31
2.9611838,3
2.7690742,3
1.9996818,2
25.956785,25
13.472737,12
1.4293524,1
4.704055,4
2.4611108,2
0.89444476,1
1.4613518,2
2.330238,2
23.260155,27
6.2908154,5
2.76812,2
6.4089165,8
2.2089674,2
9.540395,9
2.490963,2
1.4620506,1
2.7079306,2
5.391251,7
1.0785592,2
2.7291775,3
13.236694,7
2.0562403,2
3.259121,3
2.2253463,3
3.1785157,2
1.0538903,1
8.529005,8
12.888543,7
11.062908,13
6.571092,7
2.0352314,2
2.5236154,2
3.6032841,3
2.402283,3
4.441901,10
9.5789995,9
2.320091,2
2.6219523,3
3.5050886,2
29.971977,30
3.3701193,2
5.3692956,6
2.9028828,5
2.1215663,3
2.5711038,2
3.7922986,4
2.1090457,2
1.3905472,2
2.9007213,2
2.5987992,2
4.112038,4
3.703803,5
4.9398355,5
40.54346,30
1.9932351,1
2.2232132,2
4.974245,5
1.0832182,1
65.06771,79
12.771564,14
2.0212715,2
5.112089,8
1.2571958,2
6.5465226,7
0.90611845,1
3.652276,3
6.5594535,4
1.7729114,1
6.5982337,10
2.909558,3
2.2258272,2
2.6992233,3
2.5881732,3
1.4845222,1
2.7961054,3
2.479068,3
3.7570527,5
2.335793,3
5.357056,5
2.1028728,1
3.6637456,2
6.245514,8
4.2974186,8
1.5299212,4
2.3680716,3
2.503083,3
3.948107,5
1.8251945,2
3.1409023,3
5.6091733,8
1.3820721,2
2.1289427,1
1.6424857,2
1.056935,1
3.5532277,2
6.7749043,5
6.54234,9
2.4872952,3
3.3324213,3
3.9382906,3
3.2220142,2
3.0549676,5
6.730415,6
3.1894023,6
2.5026941,2
3.8093398,3
2.6072347,3
2.667538,2
6.7485123,8
1.869904,1
15.75491,27
10.61794,10
2.0041122,2
3.2138329,4
1.8197368,2
1.9265596,2
2.690314,3
2.8113506,3
3.2240436,4
1.9014627,3
3.9586866,3
2.0652606,2
2.126837,2
2.9202807,3
2.3559644,2
4.7023516,4
2.8592865,3
2.0932465,2
1.0336068,1
4.6750975,3
6.446564,5
1.653031,1
2.0536294,2
8.7256365,9
2.4877722,3
2.4792945,3
3.317046,5
5.5430965,7
2.9912472,3
2.0697136,2
15.242099,10
4.1547184,5
2.3935833,5
4.0991874,7
7.838169,8
1.8845562,2
5.4260693,9
3.2549279,4
6.220987,7
2.6901057,3
34.26795,44
6.9229302,6
5.5062423,4
1.045856,1
7.7752976,6
2.0612135,3
1.6939923,2
1.6899614,2
4.649881,7
2.134324,2
7.766586,5
2.9961903,2
2.798722,3
16.789602,9
5.373524,5
4.1794143,6
8.509415,10
2.539658,4
3.6875203,3
0.6752841,1
1.9175285,2
1.1746621,2
31.803484,35
3.756459,3
1.4042677,1
3.380995,5
3.632455,4
4.6607814,6
10.359593,21
5.069725,7
20.27801,16
4.474196,3
2.68509,3
1.7579622,2
1.2432696,1
2.0842235,2
2.7190883,2
2.014851,2
7.9098477,8
1.8993502,2
2.6499624,2
3.7109382,2
3.4525578,5
11.106407,16
1.9327636,3
3.593877,2
2.077648,2
1.358457,1
7.780825,13
2.20581,2
2.1626418,2
1.7351097,2
3.261072,3
3.9359455,3
1.435568,1
2.698333,3
3.2246048,3
3.223769,5
4.892483,4
1.4340779,1
1.1142619,1
1.6711134,2
1.3450942,1
1.2920731,1
1.6132716,3
2.691024,3
1.2742667,1
6.0388293,7
0.9070328,1
14.344031,15
1.1671039,2
3.7782762,4
1.965579,2
3.7077115,3
2.948221,3
0.87502074,1
1.774278,3
7.19953,5
1.6786155,2
2.4720185,3
3.4381676,2
4.8347144,5
1.4084963,2
1.076534,1
1.157512,1
15.219577,9
3.8169582,4
13.112178,7
8.7638855,10
1.4006935,2
3.6321423,6
1.088224,1
4.75717,6
2.325493,1
1.5972811,2
1.657729,2
1.4310851,2
6.2082825,6
2.9946,2
3.4085286,3
11.036496,13
1.9918894,2
3.6012452,5
3.158332,4
11.3344755,15
2.670718,3
2.082077,2
2.05338,2
5.0739546,7
0.82461476,1
4.883057,12
3.5857308,3
3.4890473,3
2.5042124,3
2.6883624,4
2.778407,3
8.495336,10
12.615378,12
2.2166271,2
2.1753979,2
1.8852266,2
2.4875455,3
9.803598,18
2.6022005,2
1.138135,1
1.9335159,2
2.7951348,2
2.270878,3
2.0160327,2
8.970729,8
1.1269708,1
15.058017,16
5.8660645,6
23.842146,28
2.4329069,2
28.335691,28
1.9736978,2
4.5461254,6
2.9739134,3
2.0520563,2
2.7753022,2
7.2994328,8
2.6705186,2
3.7561553,3
1.0560466,1
4.5052686,3
1.4546543,2
2.8002138,2
2.7626116,2
2.026157,2
2.0245807,2
5.384251,4
1.3169563,2
4.192206,7
1.9969535,2
1.6523346,1
4.3941627,5
6.168293,6
7.569872,3
0.7220127,1
2.4745007,3
3.572543,4
9.804813,12
2.2005892,2
8.197687,10
16.470638,14
8.319697,10
1.8955425,2
1.1319917,1
0.9586449,1
3.8564165,3
1.9080248,1
1.3896337,1
7.024096,7
1.3283306,1
2.8809469,3
19.62933,13
1.5249771,1
2.0597854,2
2.0356987,2
1.5520204,1
1.9895827,3
2.0611384,1
2.948428,3
18.891888,14
7.6099524,9
1.9669441,2
3.6039393,2
7.108189,4
4.2221107,3
2.4937966,2
3.3746517,5
3.639492,4
1.2596846,2
0.9978514,1
1.2088575,1
2.386517,2
10.378369,9
3.0522985,3
1.9647117,2
2.2587323,3
9.142187,7
12.336202,6
2.4527247,11
5.5593967,5
4.502463,5
4.8700643,4
4.0514903,3
2.8374512,3
12.3098345,6
2.46293,2
2.042819,2
3.116104,3
2.3151374,2
2.980478,3
1.730317,2
3.7004826,5
3.290115,5
1.9038076,2
1.9232569,2
1.0431592,1
2.0038393,3
5.649899,6
2.112365,3
2.9511747,5
1.7583393,1
4.205122,4
4.9276905,7
2.0324538,3
1.5753709,1
8.108444,9
11.535665,8
1.4753761,2
2.891349,5
3.009971,3
4.3054533,4
2.4308486,3
2.1874874,2
5.0595884,5
2.3280046,2
2.0060363,2
6.070929,12
1.425201,4
3.1188762,4
4.7438054,6
2.844199,3
1.4399571,2
10.614323,7
2.7604358,4
4.708035,10
3.1719055,4
4.024595,5
4.9787846,5
2.4917188,3
2.6022353,2
3.3449268,4
2.147875,2
1.4395105,1
10.8877535,13
4.7787375,5
1.2217114,1
3.6308768,8
1.3684788,1
5.8658185,7
4.142571,7
9.434319,11
1.3398486,1
2.0683737,2
1.602796,2
2.4492972,3
1.4445004,2
6.9654884,8
3.4002266,3
5.5986767,9
4.3880134,7
4.794013,3
5.9646173,6
7.136744,6
4.1738763,1
4.6421824,2
1.4347595,3
1.938846,2
3.239791,5
1.5019206,2
6.191198,6
1.6075617,2
1.1710668,1
3.7332,4
65.57973,71
2.21891,3
3.2316153,3
10.946513,12
2.260779,3
12.7151985,12
5.588261,6
7.806602,8
5.924952,8
2.7925003,4
2.2974591,3
11.039304,14
4.921099,7
5.748035,6
1.4377073,2
2.5494604,2
1.5716475,1
4.0265284,3
1.9756013,1
1.091777,1
1.7319819,1
2.735778,2
1.090675,1
1.6151613,2
4.0622005,6
2.0851836,2
9.248414,6
1.9189987,2
4.9447494,7
9.889215,11
4.6944265,5
10.15825,11
5.5341105,6
1.7031909,2
19.558947,18
13.495486,14
1.4009875,1
2.041517,2
6.2007546,7
2.8227062,4
2.0209045,2
2.9093044,2
2.299646,2
3.895829,4
8.501245,8
1.8462859,2
2.9560478,3
6.3513336,6
1.7451588,3
12.6214285,13
2.1881783,2
2.400254,2
2.2357557,2
2.4095309,3
4.1658554,4
9.537399,8
3.522761,5
0.82216066,1
3.3845317,4
2.8549588,3
2.9334233,3
24.267767,27
4.2786617,4
5.1178446,4
3.4908342,4
2.4709187,2
2.5550992,4
2.2762609,3
2.0549457,2
5.8856025,6
2.0007029,1
3.4110365,6
4.6416197,7
4.3533998,6
2.6890326,3
6.466985,9
4.523267,4
2.7515132,3
2.762647,3
7.014921,7
2.8071563,2
0.9975963,1
8.9419155,20
2.7892659,2
2.4946747,3
1.7987366,2
0.8193187,1
3.4543564,4
2.1004832,2
4.328263,5
3.3011875,2
9.91543,8
2.566044,3
4.457816,4
4.5267825,8
6.2422485,5
9.671454,22
1.055602,1
1.9047924,2
6.507843,6
1.9627266,2
1.5056056,3
2.4199247,2
1.2092001,1
5.7077966,5
4.489902,6
9.743086,14
8.171286,8
4.9772863,4
2.634507,2
8.667234,8
8.488058,9
2.6457193,2
3.7610118,3
5.523458,9
1.9579706,2
4.8808675,4
3.540151,7
2.8641474,3
1.1778208,2
14.277753,10
1.6616768,1
2.4532664,2
5.48213,7
2.9773266,2
4.4845114,6
3.5098925,2
20.739971,19
2.066121,2
2.7767847,3
3.2466104,2
2.3622365,2
1.8856319,1
13.788693,18
63.874943,45
2.3965297,2
1.4960375,1
2.8382788,4
4.0996914,2
1.715199,4
6.9468303,8
11.906834,12
7.194403,8
1.2385685,1
3.0713508,4
4.449375,4
1.9409403,1
8.263874,14
2.2034702,2
7.030833,8
5.750206,5
1.9297394,2
3.3350966,3
2.008068,1
6.939757,8
2.9459584,4
2.8286583,3
3.4950936,3
1.406611,1
2.5860631,1
1.3418818,2
4.7940907,6
2.2905564,3
1.6711684,2
1.9863352,2
7.7505283,6
21.69996,12
2.4160435,2
1.3725611,2
6.952727,15
3.6195745,6
3.319603,3
5.385563,5
2.0672505,2
1.3485388,2
1.7336828,2
1.8870493,2
6.35697,6
9.813403,7
2.7090814,4
1.6647722,2
3.5823905,2
4.787855,6
6.4413323,2
2.71997,3
1.0058135,1
20.439405,28
6.3330674,7
3.9912107,2
11.783902,8
4.8377337,7
4.4278493,4
3.1842394,3
2.2767043,1
1.6569699,2
3.7221565,3
1.5471166,1
0.8725574,1
6.8820443,5
3.025729,4
2.3116674,3
2.6151712,2
2.3275852,7
3.4703963,4
2.789945,4
1.7575415,2
5.4731927,7
3.7668188,4
1.9812747,2
3.7615807,5
2.5363932,3
2.011869,2
1.7810367,2
4.3015666,4
1.7021613,1
3.1728766,3
4.9983,8
3.974188,3
2.0708601,2
5.9466386,6
6.0665975,5
2.8202698,3
6.5041966,6
2.6425424,4
2.4389546,2
5.0261736,4
3.2812102,5
1.933725,2
1.6999446,2
6.3871636,6
1.1241974,1
4.0839987,4
1.9436778,1
3.0745907,4
32.654167,50
2.2377205,2
8.0772085,6
10.847587,16
1.4394058,1
1.299305,1
3.5006945,4
4.7831783,8
2.9602344,3
2.0076463,2
3.2488947,3
11.446551,11
44.647198,47
1.8175777,1
4.161982,1
6.33629,6
4.2760024,5
1.6523962,3
2.4068012,1
2.368135,2
2.7111495,2
26.883257,14
3.590099,4
1.6853863,1
4.1608706,4
9.347987,7
1.6260047,1
3.5845687,3
1.0309653,1
1.2971157,1
1.7607307,2
1.0888317,1
6.5513825,7
3.12872,1
3.1769307,3
1.9059435,1
11.655785,8
1.8811725,1
23.58664,20
8.895758,7
2.417797,3
2.1693468,2
2.9557562,3
3.0248573,4
3.1582692,2
1.7836765,2
2.5120938,2
3.216466,3
4.213324,4
7.3466525,8
5.214245,4
1.8096472,2
8.753094,11
1.4868044,1
2.0845907,2
6.4687867,6
2.2819076,2
4.693841,4
2.3994794,3
1.0026735,1
2.5684083,2
18.8644,18
2.0962288,2
1.9332117,2
4.282729,4
2.0785408,4
1.8204654,2
3.6551256,2
1.7741264,1
2.5898771,3
2.9334896,3
2.0581248,2
6.9131217,5
2.0797553,2
30.906042,16
88.97544,72
3.9561155,3
60.883587,93
6.2291465,6
12.972058,9
2.4633234,3
2.0340302,3
2.401489,3
2.868572,3
1.866068,2
2.814256,4
3.3981903,3
1.1170939,1
2.7673671,3
17.907341,32
2.072569,1
3.7947075,3
2.0752358,2
16.48082,13
8.869041,8
3.7928288,8
1.090228,1
18.223125,26
2.277801,4
20.776129,11
1.9590424,2
4.462315,4
2.0202668,2
4.248106,6
1.9824737,2
3.3911855,3
2.501831,1
1.9661602,2
3.514159,4
2.2972608,1
2.4233263,3
2.0839646,2
3.5911386,3
2.0322905,2
2.3540044,2
2.0064197,2
24.050957,27
3.152172,3
7.4117107,7
1.0375242,1
3.0254166,4
6.445709,6
1.758509,2
4.449114,5
7.2087135,7
4.8932304,5
2.1025462,2
6.2140756,10
3.3499472,1
3.1116664,5
6.283343,6
0.9544731,1
1.083196,1
2.364915,1
1.8354956,3
8.383687,12
1.7120675,2
2.0076873,2
10.447172,13
3.772741,4
1.5594267,2
4.903063,5
5.239339,6
2.0779457,2
6.521086,6
16.804796,13
11.591777,6
13.387581,15
3.9409266,4
7.8616166,11
3.2426994,4
17.010765,14
3.8591554,2
2.223934,2
3.526162,2
1.3590045,1
7.5826764,7
3.606678,4
11.25282,8
0.7406252,1
2.5865602,3
8.070074,9
1.5847021,1
14.912876,14
1.2072641,1
3.6171143,4
2.8011763,4
4.519115,6
2.7380188,2
2.067176,4
4.6998153,4
8.8637495,7
7.8371735,9
2.1676226,2
1.5930675,1
9.216433,9
19.376225,23
1.667171,2
2.2089372,3
6.6775136,6
1.981934,3
8.800823,6
3.5604432,3
6.6127834,10
3.0625265,3
2.2993653,2
8.818233,10
1.4770184,2
5.027524,7
3.1516953,3
20.526371,17
2.0952914,3
2.9495313,6
2.0832808,2
2.1116204,2
3.3188975,3
28.49531,32
20.042799,21
5.0115733,4
1.9628712,1
2.356254,4
2.9198723,3
1.5177169,1
2.0481033,2
1.0515121,3
3.1161354,3
4.3416967,2
2.187541,2
2.0548317,2
4.8698387,4
2.1900074,2
6.0024915,7
2.6826966,4
11.640603,14
3.4264212,3
7.415404,7
13.240234,17
2.4576273,2
3.4648654,3
9.449437,10
1.6236707,1
4.0869417,3
1.9863162,1
3.6061833,4
7.1677613,12
2.2533135,2
4.6144032,5
4.156141,5
5.7895226,5
11.186259,14
4.244643,3
13.617705,11
2.95403,5
20.507366,35
3.2845144,2
1.9279041,1
2.8625271,4
1.9894203,2
2.348795,2
2.9537227,4
6.2612567,4
50.02915,69
3.688131,5
8.190052,5
1.6552607,3
15.845516,11
1.7661291,2
2.3283799,2
25.938013,18
3.2599022,3
6.7430625,7
2.4937723,3
2.1137936,2
1.6692094,2
3.3428013,4
1.9538107,2
7.300459,7
57.368023,56
2.32431,3
4.9160414,4
3.6169198,4
2.0262136,2
3.3326902,3
2.4568586,2
0.9130545,1
2.7998707,4
3.9249794,7
1.7693862,2
1.7028103,1
2.3879344,4
1.901196,2
2.550003,4
8.234756,10
8.6988,15
1.3593925,2
2.3243468,2
8.425627,6
1.8337761,2
4.2257795,5
1.951976,2
2.12491,2
3.8879797,3
25.093674,25
1.5548757,1
73.13677,120
2.8609152,3
5.425673,8
10.717027,9
10.008546,8
2.1616647,1
1.01562,1
1.5233809,1
5.231259,6
7.942457,6
2.0389245,1
3.85263,4
2.1541765,2
2.3635178,2
2.111324,2
1.5879081,3
13.392615,14
2.7754307,3
1.5412279,1
3.189004,4
0.9859088,1
8.043059,6
3.7064407,5
1.3960346,2
1.4734765,2
0.9235649,1
2.3431718,3
2.0898283,2
2.280794,2
2.8074913,3
2.33197,2
3.8021584,3
6.7628384,5
1.85101,1
3.0065548,4
5.805916,9
9.637968,10
0.9460942,1
0.90337986,1
2.9926713,3
2.070643,2
2.0470636,2
1.9854852,2
3.0417757,3
18.293644,25
2.9376097,4
11.141902,19
8.403296,7
15.579988,28
10.672158,11
7.345801,7
2.0379777,2
8.848365,10
4.487734,6
3.6256845,4
5.161942,7
3.0545523,4
3.2962675,4
4.3527694,4
5.486916,6
4.4749856,8
0.9103313,1
10.311022,19
12.615626,11
2.9665916,3
6.4122853,6
3.47696,2
6.538961,5
2.3550935,2
1.9312938,2
2.0814214,2
6.658808,7
3.7579672,4
7.684484,2
2.198028,2
1.034681,1
15.106708,25
8.694293,6
2.3024952,3
1.9872099,2
17.085247,23
4.875853,4
2.2003946,2
2.140782,2
27.022573,29
4.4815226,5
1.6619791,1
4.3607283,3
4.656621,7
1.8978945,2
4.3270483,5
5.3383083,6
3.5360043,3
6.158727,4
1.9701883,2
1.0334584,1
5.846695,7
4.0662723,4
2.0853949,3
3.1422856,3
7.575948,12
4.1086535,4
3.1030283,3
1.4499975,2
3.827692,4
5.3940988,7
3.9506238,4
2.0489542,2
2.2478297,2
1.4019495,1
7.0152507,7
1.8547544,2
5.428332,7
0.776638,1
2.2807486,2
6.2101293,6
17.785637,19
2.1816432,3
3.4091978,3
8.98871,31
5.79411,8
4.6852365,5
0.8468702,1
1.3953748,2
3.0234556,4
15.144039,22
5.0757685,5
2.8639657,5
20.349247,22
2.309026,3
1.6127735,2
3.6496391,4
1.3364185,1
4.069592,4
5.2125497,3
1.9980825,3
2.6671402,2
1.3182447,1
1.9718872,2
2.9905634,4
3.5527427,4
3.0088189,3
1.5240302,1
2.039661,2
5.3188276,6
4.536001,6
3.1404984,4
8.345505,8
2.8237436,3
1.9801655,2
2.387686,3
3.613395,3
5.4161057,7
0.9079512,1
2.38197,1
12.464901,12
2.2793598,2
2.937565,3
3.795616,4
4.7367897,5
4.012302,6
4.052137,4
